{
  "model": "apex_mini",
  "size_gb": 12.0,
  "perplexity": 669.2721,
  "ppl_error": 10.82308,
  "kl_mean": null,
  "kl_max": null,
  "kl_99_9": null,
  "kl_median": null,
  "hellaswag": 36.50000000,
  "winogrande": 47.7500,
  "mmlu": 25.4522,
  "arc_challenge": 29.0970,
  "truthfulqa": 27.0502,
  "pp512_ts": 7486.96,
  "tg128_ts": 183.43
}
