{
  "model": "baseline_gemma_4_26b_a4b_it_q8_0",
  "size_gb": 25.0,
  "perplexity": 337.3357,
  "ppl_error": 5.46244,
  "kl_mean": null,
  "kl_max": null,
  "kl_99_9": null,
  "kl_median": null,
  "hellaswag": 41.75000000,
  "winogrande": 51.2500,
  "mmlu": 25.6460,
  "arc_challenge": 28.0936,
  "truthfulqa": 24.6022,
  "pp512_ts": 8476.36,
  "tg128_ts": 160.88
}
